Name,ISIN,Symbol,Market,Trading Currency,Open,High,Low,Last,Last Date/Time,Time Zone,Volume,Turnover
2CRSI,FR0013341781,2CRSI,Euronext Paris,EUR,5.06,5.08,4.8,5,9/02/2021 17:38,CET,48454,240405.25
2MX ORGANIC,FR0014000T90,2MX,Euronext Paris,EUR,10.65,10.764,10.502,10.56,9/02/2021 17:37,CET,45101,476269.85
2MX ORGANIC BS,FR0014000TB2,2MXBS,Euronext Paris,EUR,0.54,0.55,0.54,0.55,9/02/2021 17:15,CET,220000,120850
A.S.T. GROUPE,FR0000076887,ASP,Euronext Paris,EUR,4.69,4.78,4.64,4.76,9/02/2021 17:35,CET,14242,66953.24
AALBERTS NV,NL0000852564,AALB,Euronext Amsterdam,EUR,40.48,40.79,39.95,40,9/02/2021 17:35,CET,200121,8058387.99
AB SCIENCE,FR0010557264,AB,Euronext Paris,EUR,16.72,16.94,16.3,16.34,9/02/2021 17:35,CET,196217,3243375.72
ABC ARBITRAGE,FR0004040608,ABCA,Euronext Paris,EUR,7.37,7.37,7.31,7.32,9/02/2021 17:35,CET,12336,90338.46
ABEO,FR0013185857,ABEO,Euronext Paris,EUR,11,11.1,10.9,11.1,9/02/2021 17:35,CET,20830,229650.1
ABIONYX PHARMA,FR0012616852,ABNX,Euronext Paris,EUR,0.907,0.907,0.895,0.896,9/02/2021 17:35,CET,45401,40873.75
ABIVAX,FR0012333284,ABVX,Euronext Paris,EUR,32.25,32.5,32,32.3,9/02/2021 17:35,CET,23383,753446.55
ABN AMRO BANK N.V.,NL0011540547,ABN,Euronext Amsterdam,EUR,8.5,8.586,8.386,8.55,9/02/2021 17:35,CET,4982374,42399781.74
ACANTHE DEV.,FR0000064602,ACAN,Euronext Paris,EUR,0.427,0.427,0.419,0.425,9/02/2021 15:43,CET,241,101.03
ACCELL GROUP,NL0009767532,ACCEL,Euronext Amsterdam,EUR,30.35,30.9,30.25,30.75,9/02/2021 17:35,CET,42736,1309552.5
ACCOR,FR0000120404,AC,Euronext Paris,EUR,31.17,31.71,30.89,30.92,9/02/2021 17:35,CET,799234,24895035.35
ACCSYS,GB00BQQFX454,AXS,Euronext Amsterdam,EUR,1.64,1.65,1.61,1.635,9/02/2021 17:35,CET,150108,245330.1
ACTEOS,FR0000076861,EOS,Euronext Paris,EUR,3.64,3.64,3.45,3.6,9/02/2021 17:35,CET,4019,14179.72
ACTIA GROUP,FR0000076655,ATI,Euronext Paris,EUR,3.05,3.07,3,3.025,9/02/2021 17:27,CET,66431,201048.27
ADC SIIC,BE0974269012,ALDV,Euronext Paris,EUR,0.09,0.09,0.09,0.09,9/02/2021 16:30,CET,25528,2297.52
ADL PARTNER,FR0000062978,ALP,Euronext Paris,EUR,15.05,15.05,15,15.05,9/02/2021 16:32,CET,536,8054.3
ADOCIA,FR0011184241,ADOC,Euronext Paris,EUR,10.72,10.72,10.4,10.6,9/02/2021 17:35,CET,15716,165687.46
ADP,FR0010340141,ADP,Euronext Paris,EUR,106.4,107.1,102.5,103,9/02/2021 17:38,CET,63862,6635585.6
ADUX,FR0012821890,ADUX,Euronext Paris Amsterdam,EUR,2.5,2.5,2.45,2.45,9/02/2021 17:29,CET,8244,20520.09
ADVENIS,FR0004152874,ADV,Euronext Paris,EUR,2.05,2.06,1.97,1.98,9/02/2021 17:29,CET,1515,3097.66
ADVICENNE,FR0013296746,ADVIC,Euronext Paris Brussels,EUR,12.7,12.8,12.2,12.55,9/02/2021 17:35,CET,71901,898200
ADVINI,FR0000053043,ADVI,Euronext Paris,EUR,20.6,20.6,19.6,20.2,9/02/2021 17:02,CET,1191,23825.8
ADYEN,NL0012969182,ADYEN,Euronext Amsterdam,EUR,1900,1911.5,1881.5,1901.5,9/02/2021 17:35,CET,65773,124970611.5
AEGON,NL0000303709,AGN,Euronext Amsterdam,EUR,3.633,3.667,3.605,3.667,9/02/2021 17:35,CET,12804434,46742629.81
AERKOMM INC,US00774B2088,AKOM,Euronext Paris,EUR,5.6,5.6,5.25,5.25,9/02/2021 17:01,CET,327,1727.85
AHOLD DEL,NL0011794037,AD,Euronext Amsterdam Brussels,EUR,23.3,23.32,23.09,23.23,9/02/2021 17:35,CET,2673003,62009246.51
AIR FRANCE -KLM,FR0000031122,AF,Euronext Paris Amsterdam,EUR,5.036,5.036,4.917,4.926,9/02/2021 17:35,CET,2550189,12640169.92
AIR LIQUIDE,FR0000120073,AI,Euronext Paris,EUR,136.5,137.5,135.95,137.5,9/02/2021 17:36,CET,640339,87778726.7
AIRBUS,NL0000235190,AIR,Euronext Paris,EUR,93.97,94.89,91.91,92.47,9/02/2021 17:35,CET,1325928,123525268.8
AJAX,NL0000018034,AJAX,Euronext Amsterdam,EUR,15.7,15.78,15.6,15.7,9/02/2021 17:29,CET,1712,26839.48
AKKA TECHNOLOGIES,FR0004180537,AKA,Euronext Paris Brussels,EUR,25.6,25.6,24.8,25.2,9/02/2021 17:36,CET,32756,823960.85
AKWEL,FR0000053027,AKW,Euronext Paris,EUR,22.85,23.1,22.2,23,9/02/2021 17:35,CET,9260,210357.6
AKZO NOBEL,NL0013267909,AKZA,Euronext Amsterdam,EUR,86.74,86.94,85.48,86.1,9/02/2021 17:35,CET,494542,42549163.04
ALBIOMA,FR0000060402,ABIO,Euronext Paris,EUR,42.65,42.75,41.55,42.45,9/02/2021 17:35,CET,101575,4279210.55
ALD,FR0013258662,ALD,Euronext Paris,EUR,12.16,12.2,12.04,12.16,9/02/2021 17:35,CET,39327,476959.16
ALFEN,NL0012817175,ALFEN,Euronext Amsterdam,EUR,88.5,88.5,86.5,86.7,9/02/2021 17:38,CET,129983,11339244.8
ALPES (COMPAGNIE),FR0000053324,CDA,Euronext Paris,EUR,19.06,19.06,18.84,18.92,9/02/2021 17:35,CET,7290,138409.62
ALPHA MOS,FR0013421286,ALM,Euronext Paris,EUR,3.32,3.34,3.14,3.24,9/02/2021 17:27,CET,10056,32223.82
ALSTOM,FR0010220475,ALO,Euronext Paris,EUR,44.1,44.1,43.17,43.66,9/02/2021 17:35,CET,717433,31273093.28
ALTAMIR,FR0000053837,LTA,Euronext Paris,EUR,23,23.685,23,23.64,9/02/2021 17:35,CET,7999,187441.3
ALTAREA,FR0000033219,ALTA,Euronext Paris,EUR,139.4,139.8,137.4,138.4,9/02/2021 17:35,CET,4994,691456.8
ALTAREIT,FR0000039216,AREIT,Euronext Paris,EUR,488,488,488,488,9/02/2021 11:30,CET,1,488
ALTEN,FR0000071946,ATE,Euronext Paris,EUR,92.2,92.65,91.55,92.4,9/02/2021 17:35,CET,35659,3290182.35
ALTUR INVEST.,FR0010395681,ALTUR,Euronext Paris,EUR,4.84,4.86,4.8,4.86,9/02/2021 17:22,CET,770,3725.9
ALUMEXX N.V.,NL0012194724,ALX,Euronext Amsterdam,EUR,1.29,1.32,1.225,1.265,9/02/2021 17:35,CET,197782,249027.68
AMG,NL0000888691,AMG,Euronext Amsterdam,EUR,27.79,28.66,27.31,28.37,9/02/2021 17:36,CET,327674,9245972.25
AMPLITUDE SURGICAL,FR0012789667,AMPLI,Euronext Paris,EUR,2.11,2.12,2.11,2.11,9/02/2021 16:59,CET,5150,10867.03
AMSTERDAM COMMOD.,NL0000313286,ACOMO,Euronext Amsterdam,EUR,20.7,20.9,20.6,20.75,9/02/2021 17:35,CET,12921,268382.6
AMUNDI,FR0004125920,AMUN,Euronext Paris,EUR,64.8,65.35,64.4,65.35,9/02/2021 17:35,CET,100787,6572963.8
APTORUM GROUP CL A,KYG6096M1069,APM,Euronext Paris,EUR,2.7,2.7,2.7,2.7,15/01/2021 13:35,CET,426,1150.2
ARCADIS,NL0006237562,ARCAD,Euronext Amsterdam,EUR,30.84,31.1,30.76,30.84,9/02/2021 17:35,CET,79215,2444276.26
ARCELORMITTAL SA,LU1598757687,MT,Euronext Amsterdam Paris,EUR,19.422,19.53,18.936,18.984,9/02/2021 17:39,CET,6288595,120615494.5
ARGAN,FR0010481960,ARG,Euronext Paris,EUR,89,89,87.4,87.8,9/02/2021 17:35,CET,1209,106397.4
ARKEMA,FR0010313833,AKE,Euronext Paris,EUR,88.96,88.98,88.12,88.52,9/02/2021 17:35,CET,169351,14992787.78
ARTEA,FR0012185536,ARTE,Euronext Paris,EUR,12.4,12.4,12.4,12.4,9/02/2021 9:00,CET,1,12.4
ARTMARKET COM,FR0000074783,PRC,Euronext Paris,EUR,6.52,6.6,6.46,6.6,9/02/2021 17:29,CET,13179,85845.58
ARTOIS NOM.,FR0000076952,ARTO,Euronext Paris,EUR,4000,4000,4000,4000,8/02/2021 11:30,CET,1,4000
ASM INTERNATIONAL,NL0000334118,ASM,Euronext Amsterdam,EUR,229.1,234.2,228,232.8,9/02/2021 17:35,CET,302542,70077358.6
ASML HOLDING,NL0010273215,ASML,Euronext Amsterdam,EUR,466.8,472.7,463.15,469.75,9/02/2021 17:38,CET,615547,288342654.8
ASR NEDERLAND,NL0011872643,ASRNL,Euronext Amsterdam,EUR,32.92,33.22,32.64,33.2,9/02/2021 17:35,CET,302799,10010951.38
ASSYSTEM,FR0000074148,ASY,Euronext Paris,EUR,27.6,27.6,27.1,27.15,9/02/2021 17:36,CET,1175,32022.45
ATARI,FR0010478248,ATA,Euronext Paris,EUR,0.391,0.415,0.3875,0.41,9/02/2021 17:35,CET,3699141,1494852.35
ATEME,FR0011992700,ATEME,Euronext Paris,EUR,18.4,18.4,17.8,18,9/02/2021 17:35,CET,13443,242155.1
ATOS,FR0000051732,ATO,Euronext Paris,EUR,66.16,66.16,65,65.78,9/02/2021 17:35,CET,603216,39539683.5
ATRIUM EUR REALEST,JE00B3DCF752,ATRS,Euronext Amsterdam,EUR,2.695,2.695,2.695,2.695,9/02/2021 14:56,CET,220,592.9
AUBAY,FR0000063737,AUB,Euronext Paris,EUR,38.8,38.8,37.55,37.65,9/02/2021 17:35,CET,4980,189539.95
AUGROS COSMETICS,FR0000061780,AUGR,Euronext Paris,EUR,4.7,4.7,4.7,4.7,9/02/2021 16:30,CET,1300,6110
AUREA,FR0000039232,AURE,Euronext Paris,EUR,5.86,6,5.86,5.98,9/02/2021 17:35,CET,6179,36549.68
AURES TECHNOLOGIES,FR0013183589,AURS,Euronext Paris,EUR,24.9,25,24.6,24.9,9/02/2021 17:35,CET,941,23355.2
AVANTIUM,NL0012047823,AVTX,Euronext Amsterdam Brussels,EUR,6.1,6.26,5.96,5.98,9/02/2021 17:35,CET,128841,788312.12
AVENIR TELECOM,FR0013529815,AVT,Euronext Paris,EUR,0.5001,0.51,0.4816,0.487,9/02/2021 17:35,CET,921890,457691.29
AXA,FR0000120628,CS,Euronext Paris,EUR,19.25,19.294,19.058,19.294,9/02/2021 17:39,CET,3994976,76879696.13
AXA NV21,FR00140011Y8,CSNV,Euronext Paris,EUR,17.35,17.4,17.35,17.4,9/02/2021 16:30,CET,5250,91106.25
AXWAY SOFTWARE,FR0011040500,AXW,Euronext Paris,EUR,25.2,25.3,24.6,25.3,9/02/2021 17:35,CET,3765,94047.5
B&S Group,LU1789205884,BSGR,Euronext Amsterdam,EUR,7.07,7.19,6.96,7,9/02/2021 17:35,CET,59458,420098.81
BACCARAT,FR0000064123,BCRA,Euronext Paris,EUR,135,135,135,135,15/12/2020 11:30,CET,21,2835
BAINS MER MONACO,MC0000031187,BAIN,Euronext Paris,EUR,62.2,63,61.8,62.6,9/02/2021 17:35,CET,986,61322.6
BALYO,FR0013258399,BALYO,Euronext Paris,EUR,2.085,2.1,1.98,2.045,9/02/2021 17:35,CET,292902,596396.92
BAM GROEP KON,NL0000337319,BAMNB,Euronext Amsterdam,EUR,1.839,1.845,1.813,1.831,9/02/2021 17:35,CET,2343058,4282690.7
BARBARA BUI,FR0000062788,BUI,Euronext Paris,EUR,4,4,4,4,8/02/2021 16:30,CET,200,800
BASIC-FIT,NL0011872650,BFIT,Euronext Amsterdam,EUR,32.6,32.65,32.25,32.45,9/02/2021 17:35,CET,131245,4256081.35
BASSAC,FR0004023208,BASS,Euronext Paris,EUR,47.6,47.8,47.1,47.8,9/02/2021 17:22,CET,756,35963.1
BASTIDE LE CONFORT,FR0000035370,BLC,Euronext Paris,EUR,54.2,54.2,53,53.1,9/02/2021 17:35,CET,3747,200697.6
BE SEMICONDUCTOR,NL0012866412,BESI,Euronext Amsterdam,EUR,60,60.9,59.66,60.88,9/02/2021 17:36,CET,355714,21517115.36
BEL,FR0000121857,FBEL,Euronext Paris,EUR,336,350,336,350,9/02/2021 16:30,CET,35,12026
BENETEAU,FR0000035164,BEN,Euronext Paris,EUR,11.6,12.44,11.59,12.33,9/02/2021 17:35,CET,334184,4053540.99
BETER BED,NL0000339703,BBED,Euronext Amsterdam,EUR,5.66,5.7,5.53,5.57,9/02/2021 17:35,CET,86066,480843.91
BEVER HOLDING,NL0000285278,BEVER,Euronext Amsterdam,EUR,3.66,3.66,3.66,3.66,9/02/2021 11:30,CET,25,91.5
BIC,FR0000120966,BB,Euronext Paris,EUR,47.88,47.98,47.42,47.98,9/02/2021 17:35,CET,27844,1331830.38
BIGBEN INTERACTIVE,FR0000074072,BIG,Euronext Paris,EUR,21.8,21.8,21.05,21.35,9/02/2021 17:35,CET,49425,1063429.15
BIOMERIEUX,FR0013280286,BIM,Euronext Paris,EUR,125.5,127.5,124.7,127.5,9/02/2021 17:35,CET,91182,11572727.7
BLEECKER,FR0000062150,BLEE,Euronext Paris,EUR,137,137,137,137,5/02/2021 11:30,CET,113,15481
BNP PARIBAS ACT.A,FR0000131104,BNP,Euronext Paris,EUR,44.4,44.5,43.5,43.92,9/02/2021 17:30,CET,2904935,127668627.7
BOIRON,FR0000061129,BOI,Euronext Paris,EUR,35.5,36.9,35.25,36.8,9/02/2021 17:35,CET,10662,386940.85
BOLLORE,FR0000039299,BOL,Euronext Paris,EUR,3.588,3.616,3.558,3.616,9/02/2021 17:35,CET,1417774,5106417.67
BONDUELLE,FR0000063935,BON,Euronext Paris,EUR,20,20.1,19.86,20.05,9/02/2021 17:35,CET,21021,420550.54
BOOSTHEAT,FR0011814938,BOOST,Euronext Paris,EUR,3.06,3.34,3.06,3.25,9/02/2021 17:35,CET,132777,425777.47
BOSKALIS WESTMIN,NL0000852580,BOKA,Euronext Amsterdam,EUR,25.8,26.1,25.6,25.92,9/02/2021 17:39,CET,281117,7278654.66
BOURSE DIRECT,FR0000074254,BSD,Euronext Paris,EUR,2.78,2.84,2.78,2.84,9/02/2021 17:11,CET,11362,31979.64
BOUSSARD GAVAUDAN,GG00B1FQG453,BGHL,Euronext Amsterdam,EUR,21.2,21.3,21,21,9/02/2021 16:27,CET,2428,51424.4
BOUSSARD GHL GBP,GG00B39VMM07,BGHS,Euronext Amsterdam,GBP,10,10,10,10,21/12/2010 11:50,CET,188,1880
BOUYGUES,FR0000120503,EN,Euronext Paris,EUR,33.85,33.87,33.32,33.5,9/02/2021 17:36,CET,851036,28524845.66
BRILL KON,NL0000442523,BRILL,Euronext Amsterdam,EUR,18.8,18.8,17.7,18.2,9/02/2021 17:29,CET,519,9460.8
BRUNEL INTERNAT,NL0010776944,BRNL,Euronext Amsterdam,EUR,8.32,8.55,8.27,8.49,9/02/2021 17:35,CET,89961,757319.53
BUREAU VERITAS,FR0006174348,BVI,Euronext Paris,EUR,22.68,22.68,22.3,22.34,9/02/2021 17:35,CET,573513,12825149.4
BURELLE,FR0000061137,BUR,Euronext Paris,EUR,902,908,900,900,9/02/2021 17:24,CET,277,249426
CA TOULOUSE 31 CCI,FR0000045544,CAT31,Euronext Paris,EUR,91.99,92.7,91.99,92.5,9/02/2021 17:35,CET,116,10722.16
CAFOM,FR0010151589,CAFO,Euronext Paris,EUR,9.25,9.45,9.25,9.3,9/02/2021 17:22,CET,3187,29849.65
CAMBODGE NOM.,FR0000079659,CBDG,Euronext Paris,EUR,5150,5150,5150,5150,2/02/2021 16:30,CET,1,5150
CAPELLI,FR0012969095,CAPLI,Euronext Paris,EUR,32.1,32.6,31.7,32.6,9/02/2021 17:35,CET,2238,72461.6
CAPGEMINI,FR0000125338,CAP,Euronext Paris,EUR,131.6,133.1,130.7,132.95,9/02/2021 17:35,CET,369713,48956452.4
CARMILA,FR0010828137,CARM,Euronext Paris,EUR,11.66,11.7,11.4,11.6,9/02/2021 17:35,CET,62136,719829.56
CARPINIENNE PART.,FR0000064156,CARP,Euronext Paris,EUR,34,34,34,34,25/01/2021 16:30,CET,3,102
CARREFOUR,FR0000120172,CA,Euronext Paris,EUR,14.4,14.635,14.355,14.56,9/02/2021 17:35,CET,2618933,37981345.51
CASINO GUICHARD,FR0000125585,CO,Euronext Paris,EUR,26.63,26.7,26.03,26.08,9/02/2021 17:35,CET,277643,7267232.07
CAST,FR0000072894,CAS,Euronext Paris,EUR,4.1,4.1,3.96,4.09,9/02/2021 17:29,CET,1522,6106.34
CATANA GROUP,FR0010193052,CATG,Euronext Paris,EUR,3.325,3.33,3.235,3.305,9/02/2021 17:35,CET,101584,334781.07
CATERING INTL SCES,FR0000064446,CTRG,Euronext Paris,EUR,10.9,11.05,10.9,11.05,9/02/2021 17:35,CET,7692,84356.9
CATERPILLAR INC,US1491231015,CATR,Euronext Paris,EUR,160.5,161,158.5,161,5/02/2021 16:38,CET,3,480
CBO TERRITORIA,FR0010193979,CBOT,Euronext Paris,EUR,3.61,3.61,3.59,3.61,9/02/2021 17:12,CET,8225,29663.15
CEGEDIM,FR0000053506,CGM,Euronext Paris,EUR,24,24.3,23.8,24.1,9/02/2021 17:36,CET,16609,399216
CEGEREAL,FR0010309096,CGR,Euronext Paris,EUR,32.2,32.8,32.2,32.2,9/02/2021 17:22,CET,397,12940.4
CFI,FR0000037475,CFI,Euronext Paris,EUR,1.09,1.09,1.09,1.09,9/02/2021 16:30,CET,3,3.27
CGG,FR0013181864,CGG,Euronext Paris,EUR,0.9394,0.95,0.9256,0.93,9/02/2021 17:35,CET,10182858,9540087.23
CGG BSA 1,FR0013309614,CGGBS,Euronext Paris,EUR,0.05,0.0552,0.05,0.0508,9/02/2021 17:28,CET,13243,713.12
CGG BSA 2,FR0013309622,CGGBT,Euronext Paris,EUR,0.022,0.023,0.0214,0.0214,9/02/2021 17:27,CET,59868,1316.8
CHARGEURS,FR0000130692,CRI,Euronext Paris,EUR,20.9,21.2,20.6,21.1,9/02/2021 17:35,CET,99230,2074707
CHAUSSERIA,FR0000060907,CHSR,Euronext Paris,EUR,2.84,2.84,2.84,2.84,3/02/2021 11:30,CET,30,85.2
CHRISTIAN DIOR,FR0000130403,CDI,Euronext Paris,EUR,451.6,463.4,451.6,463.4,9/02/2021 17:36,CET,5533,2545829.8
CIBOX INTER A CTIV,FR0000054322,CIB,Euronext Paris,EUR,0.226,0.233,0.223,0.228,9/02/2021 17:35,CET,909744,207025.19
CLARANOVA,FR0013426004,CLA,Euronext Paris,EUR,6.845,6.98,6.75,6.845,9/02/2021 17:35,CET,254171,1737331.95
CM.COM,NL0012747059,CMCOM,Euronext Amsterdam,EUR,29,29.2,28.6,29,9/02/2021 17:35,CET,24669,711983.6
CNIM GROUP,FR0000053399,COM,Euronext Paris,EUR,15.75,15.75,15,15.4,9/02/2021 16:46,CET,1840,28395.6
CNOVA,NL0010949392,CNV,Euronext Paris,EUR,5.15,5.65,4.76,5.5,9/02/2021 17:26,CET,23108,124478.22
CNP ASSURANCES,FR0000120222,CNP,Euronext Paris,EUR,13.47,13.47,13.3,13.4,9/02/2021 17:35,CET,242890,3254990.69
COCA-COLA EUROPEAN,GB00BDCPN049,CCEP,Euronext Amsterdam,EUR,42.05,42.2,41.55,41.95,9/02/2021 17:35,CET,46681,1956485.6
COFACE,FR0010667147,COFA,Euronext Paris,EUR,8.8,8.82,8.66,8.8,9/02/2021 17:36,CET,152047,1332678.28
COHERIS,FR0004031763,COH,Euronext Paris,EUR,1.97,1.97,1.96,1.96,9/02/2021 16:07,CET,3,5.89
COLAS,FR0000121634,RE,Euronext Paris,EUR,120,120.5,119,119,9/02/2021 17:35,CET,435,52021
CORBION,NL0010583399,CRBN,Euronext Amsterdam,EUR,53.4,53.4,50.6,50.8,9/02/2021 17:35,CET,135457,6952473.4
CORE LABORATORIES,NL0000200384,CLB,Euronext Amsterdam,EUR,29.2,30.4,29,29,9/02/2021 17:35,CET,1242,36340.8
COURTOIS,FR0000065393,COUR,Euronext Paris,EUR,113,113,112,112,5/02/2021 16:30,CET,2,225
COVIVIO,FR0000064578,COV,Euronext Paris,EUR,67.15,67.25,66.05,67.15,9/02/2021 17:35,CET,165977,11098979.8
COVIVIO HOTELS,FR0000060303,COVH,Euronext Paris,EUR,16,16,15.6,15.7,9/02/2021 17:35,CET,3109,48937.85
CRCAM ALP.PROV.CCI,FR0000044323,CRAP,Euronext Paris,EUR,87.01,89,86,89,9/02/2021 17:29,CET,342,29973.38
CRCAM ATL.VEND.CCI,FR0000185506,CRAV,Euronext Paris,EUR,104.6,108.5,103.62,108.5,9/02/2021 17:38,CET,437,46293.94
CRCAM BRIE PIC2CCI,FR0010483768,CRBP2,Euronext Paris,EUR,21.195,21.46,20.95,21.3,9/02/2021 17:35,CET,9941,210086.82
CRCAM ILLE-VIL.CCI,FR0000045213,CIV,Euronext Paris,EUR,82.49,82.5,81,82.5,9/02/2021 16:57,CET,159,13039.85
CRCAM LANGUED CCI,FR0010461053,CRLA,Euronext Paris,EUR,58,59.5,57.99,59,9/02/2021 17:14,CET,1397,81629.46
CRCAM LOIRE HTE L.,FR0000045239,CRLO,Euronext Paris,EUR,75.02,76.49,75.02,76.49,9/02/2021 11:10,CET,11,839.92
CRCAM MORBIHAN CCI,FR0000045551,CMO,Euronext Paris,EUR,75.49,78.5,75,77.5,9/02/2021 17:29,CET,460,35238.63
CRCAM NORD CCI,FR0000185514,CNF,Euronext Paris,EUR,21.48,21.75,21.085,21.75,9/02/2021 17:35,CET,5703,122155.27
CRCAM NORM.SEINE,FR0000044364,CCN,Euronext Paris,EUR,109,110,108,108,9/02/2021 17:35,CET,212,23074.68
CRCAM PARIS ET IDF,FR0000045528,CAF,Euronext Paris,EUR,70.5,71.5,69.5,71.15,9/02/2021 17:35,CET,1317,93026.86
CRCAM SUD R.A.CCI,FR0000045346,CRSU,Euronext Paris,EUR,148.92,154,147.62,152.02,9/02/2021 15:13,CET,371,55817.02
CRCAM TOURAINE CCI,FR0000045304,CRTO,Euronext Paris,EUR,95,96.5,93,96.5,9/02/2021 10:55,CET,206,19469.7
CREDIT AGRICOLE,FR0000045072,ACA,Euronext Paris,EUR,10.24,10.27,10.055,10.135,9/02/2021 17:37,CET,3502396,35516446.52
CROSSWOOD,FR0000050395,CROS,Euronext Paris,EUR,4.6,4.6,4.6,4.6,4/02/2021 11:30,CET,104,478.4
CS GROUP.,FR0007317813,SX,Euronext Paris,EUR,3.85,3.85,3.8,3.8,9/02/2021 17:36,CET,26668,101355.08
CTAC,NL0000345577,CTAC,Euronext Amsterdam,EUR,3.1,3.2,3.09,3.09,9/02/2021 17:15,CET,21693,68234.2
DALET,FR0011026749,DLT,Euronext Paris,EUR,13.58,13.58,13.58,13.58,9/02/2021 16:44,CET,15,203.7
DANONE,FR0000120644,BN,Euronext Paris,EUR,53.04,53.74,52.84,53.46,9/02/2021 17:35,CET,1336796,71228963.98
DASSAULT AVIATION,FR0000121725,AM,Euronext Paris,EUR,909,909,899,907.5,9/02/2021 17:35,CET,4337,3927363.5
DASSAULT SYSTEMES,FR0000130650,DSY,Euronext Paris,EUR,187.9,190,185.25,189,9/02/2021 17:38,CET,313645,59034547.55
DBV TECHNOLOGIES,FR0010417345,DBV,Euronext Paris,EUR,9.845,9.845,9.44,9.65,9/02/2021 17:35,CET,485453,4675130.57
DELTA PLUS GROUP,FR0013283108,DLTA,Euronext Paris,EUR,84.2,84.2,82,84,9/02/2021 17:35,CET,3104,258381.8
DERICHEBOURG,FR0000053381,DBG,Euronext Paris,EUR,5.895,5.895,5.735,5.86,9/02/2021 17:35,CET,244298,1419450.11
DEVOTEAM,FR0000073793,DVT,Euronext Paris,EUR,100,101,98.4,99.6,9/02/2021 17:35,CET,2539,253498.9
DGB GROUP N.V.,NL0009169515,DGB,Euronext Amsterdam,EUR,1.3,1.3,1.24,1.24,9/02/2021 17:22,CET,35752,44930.3
DIAGEO,GB0002374006,DGE,Euronext Paris,EUR,33.78,33.78,33.78,33.78,9/02/2021 9:00,CET,80,2702.4
DIAGNOSTIC MEDICAL,FR0012202497,DGM,Euronext Paris,EUR,1.72,1.75,1.68,1.71,9/02/2021 17:35,CET,36754,62731.17
DOCK.PETR.AMBES AM,FR0000065260,DPAM,Euronext Paris,EUR,388,388,388,388,9/02/2021 11:30,CET,7,2716
DPA GROUP,NL0009197771,DPA,Euronext Amsterdam,EUR,1.49,1.5,1.47,1.5,9/02/2021 17:37,CET,47796,70822.83
DSC2,NL00150000S7,DSC2,Euronext Amsterdam,EUR,11.95,12,11.9,11.9,9/02/2021 16:44,CET,1952,23370.92
DSM KON,NL0000009827,DSM,Euronext Amsterdam,EUR,147.1,147.65,146,147.4,9/02/2021 17:38,CET,292844,43077782.25
DUTCH STAR C W11,NL00150000T5,DSCW1,Euronext Amsterdam,EUR,0.93,0.93,0.93,0.93,12/01/2021 11:13,CET,100,93
DUTCH STAR C W12,NL00150000U3,DSCW2,Euronext Amsterdam,EUR,0.49,0.49,0.49,0.49,29/12/2020 14:54,CET,4633,2270.17
DUTCH STAR C W13,NL00150000V1,DSCW3,Euronext Amsterdam,EUR,0.821,0.821,0.821,0.821,29/12/2020 14:51,CET,4633,3803.69
EASE2PAY NV,NL0000345627,EAS2P,Euronext Amsterdam,EUR,3.35,3.39,3.27,3.28,9/02/2021 17:35,CET,27398,90633.97
EDENRED,FR0010908533,EDEN,Euronext Paris,EUR,47.68,47.81,46.96,47.47,9/02/2021 17:35,CET,325635,15443163.9
EDF,FR0010242511,EDF,Euronext Paris,EUR,10.66,10.66,10.415,10.48,9/02/2021 17:30,CET,2259325,23696151.91
EGIDE,FR0000072373,GID,Euronext Paris,EUR,1.07,1.08,1.05,1.05,9/02/2021 17:35,CET,39411,42189.29
EIFFAGE,FR0000130452,FGR,Euronext Paris,EUR,83.82,84.54,82.22,83.12,9/02/2021 17:36,CET,288715,24046475.6
EKINOPS,FR0011466069,EKI,Euronext Paris,EUR,7.01,7.04,6.9,6.96,9/02/2021 17:35,CET,35486,247585.34
ELEC.STRASBOURG,FR0000031023,ELEC,Euronext Paris,EUR,117,117,116.5,116.5,9/02/2021 16:40,CET,54,6303.5
ELECT. MADAGASCAR,FR0000035719,EEM,Euronext Paris,EUR,3.28,3.28,3.28,3.28,3/02/2020 16:30,CET,1034,3391.52
ELIOR GROUP,FR0011950732,ELIOR,Euronext Paris,EUR,5.75,5.835,5.655,5.68,9/02/2021 17:35,CET,670128,3837393.39
ELIS,FR0012435121,ELIS,Euronext Paris,EUR,13.65,13.65,13.2,13.2,9/02/2021 17:35,CET,300317,3996941.86
ENGIE,FR0010208488,ENGI,Euronext Paris Brussels,EUR,13.225,13.265,13.04,13.1,9/02/2021 17:35,CET,4337161,56911678.71
ENGIE EPS,FR0012650166,EPS,Euronext Paris,EUR,17.5,18.35,17.2,18.1,9/02/2021 17:35,CET,43029,770353.65
ENVIPCO,NL0009901610,ENVI,Euronext Amsterdam,EUR,16.1,16.2,15.9,16,9/02/2021 16:52,CET,4026,64581.4
EOS IMAGING,FR0011191766,EOSI,Euronext Paris,EUR,2.36,2.36,2.345,2.355,9/02/2021 17:35,CET,34931,82327.87
ERAMET,FR0000131757,ERA,Euronext Paris,EUR,49.4,50.46,48.86,48.99,9/02/2021 17:35,CET,162472,8107679.55
ERYTECH PHARMA,FR0011471135,ERYP,Euronext Paris,EUR,7.9,8.08,7.67,7.77,9/02/2021 17:35,CET,274595,2162523.16
ESI GROUP,FR0004110310,ESI,Euronext Paris,EUR,43.1,43.5,43,43.5,9/02/2021 17:18,CET,15220,657477.2
ESPERITE,NL0009272137,ESP,Euronext Amsterdam Paris,EUR,0.0452,0.0466,0.045,0.0458,9/02/2021 17:35,CET,288351,13042.04
ESSILORLUXOTTICA,FR0000121667,EL,Euronext Paris,EUR,131,133.6,130.55,133.2,9/02/2021 17:35,CET,478120,63513417.85
ESSO,FR0000120669,ES,Euronext Paris,EUR,12.1,12.35,12.05,12.15,9/02/2021 17:35,CET,1899,23042.45
EURASIA FONC INV,FR0000061475,EFI,Euronext Paris,EUR,0.358,0.358,0.358,0.358,9/02/2021 16:30,CET,3,1.08
EURAZEO,FR0000121121,RF,Euronext Paris,EUR,61.85,62.25,61.5,61.95,9/02/2021 17:35,CET,103899,6436771.75
EURO RESSOURCES,FR0000054678,EUR,Euronext Paris,EUR,3.29,3.3,3.26,3.3,9/02/2021 15:24,CET,2951,9692.42
EUROCASTLE INVEST.,GB00B94QM994,ECT,Euronext Amsterdam,EUR,6.6,6.8,6.6,6.8,8/02/2021 16:33,CET,1957,13269.6
EUROCOMMERCIAL,NL0000288876,ECMPA,Euronext Amsterdam Brussels,EUR,15.5,15.7,15.4,15.58,9/02/2021 17:35,CET,62411,972025.88
EUROFINS SCIE NV21,FR0014001236,ERFNV,Euronext Paris,EUR,80,80,79.6,79.6,9/02/2021 16:30,CET,175,13960
EUROFINS SCIENT.,FR0014000MR3,ERF,Euronext Paris,EUR,80.13,80.59,79.67,80.03,9/02/2021 17:35,CET,236173,18920672.91
EUROPACORP,FR0010490920,ECP,Euronext Paris,EUR,0.82,0.82,0.793,0.804,9/02/2021 17:35,CET,50706,40881.02
EUROPCAR MOB DS,FR0014001GY9,EUCDS,Euronext Paris,EUR,0.1,0.1146,0.0926,0.0953,9/02/2021 17:35,CET,7560455,776575.61
EUROPCAR MOBILITY,FR0012789949,EUCAR,Euronext Paris,EUR,0.4486,0.4486,0.392,0.4008,9/02/2021 17:39,CET,11417358,4743422.36
EUTELSAT COMMUNIC.,FR0010221234,ETL,Euronext Paris,EUR,9.5,9.602,9.382,9.576,9/02/2021 17:35,CET,623848,5924555.28
EVERGREEN,FR0000035784,EGR,Euronext Paris,EUR,4.4,4.8,4.4,4.8,9/02/2021 17:21,CET,35238,159477.2
EXACOMPTA CLAIREF.,FR0000064164,EXAC,Euronext Paris,EUR,95,95,95,95,9/02/2021 17:26,CET,1114,105830
EXEL INDUSTRIES,FR0004527638,EXE,Euronext Paris,EUR,66,66.4,66,66.2,9/02/2021 17:35,CET,3390,223789.4
EXPLOS.PROD.CHI.PF,FR0000037343,EPCP,Euronext Paris,EUR,590,590,590,590,2/02/2021 11:30,CET,8,4720
EXPLOSIFS PROD.CHI,FR0000039026,EXPL,Euronext Paris,EUR,490,490,490,490,8/02/2021 16:32,CET,2,980
FASTNED,NL0013654809,FAST,Euronext Amsterdam,EUR,78,92,78,90,9/02/2021 17:38,CET,264346,22518114.5
FAURECIA,FR0000121147,EO,Euronext Paris,EUR,44.15,44.3,43.51,43.78,9/02/2021 17:35,CET,224008,9819859.96
FAUVET GIREL,FR0000063034,FAUV,Euronext Paris,EUR,15,15,15,15,5/02/2021 11:30,CET,2,30
FAYENC.SARREGUEMI.,FR0000031973,FAYE,Euronext Paris,EUR,33,33,33,33,31/08/2020 16:30,CET,1,33
FDJ,FR0013451333,FDJ,Euronext Paris,EUR,37.22,37.29,37.01,37.2,9/02/2021 17:35,CET,188599,7010422.7
FERM.CAS.MUN.CANNE,FR0000062101,FCMC,Euronext Paris,EUR,1180,1180,1180,1180,4/02/2021 11:30,CET,2,2360
FERMENTALG,FR0011271600,FALG,Euronext Paris,EUR,3.59,3.63,3.355,3.38,9/02/2021 17:39,CET,803293,2773850.38
FFP,FR0000064784,FFP,Euronext Paris,EUR,94.1,95,94,94.9,9/02/2021 17:35,CET,9111,860984.3
FIDUCIAL OFF.SOL.,FR0000061418,SACI,Euronext Paris,EUR,28,28,28,28,9/02/2021 11:30,CET,1,28
FIDUCIAL REAL EST.,FR0000060535,ORIA,Euronext Paris,EUR,161,161,161,161,9/02/2021 11:30,CET,1,161
FIGEAC AERO,FR0011665280,FGA,Euronext Paris,EUR,4.7,5.3,4.7,5.2,9/02/2021 17:35,CET,246066,1257295.68
FIN.ETANG BERRE,FR0000062341,BERR,Euronext Paris,EUR,4.7,4.7,4.7,4.7,9/02/2021 11:30,CET,254,1193.8
FIN.ETANG BERRE PF,FR0000062507,EBPF,Euronext Paris,EUR,86,86,86,86,2/02/2021 11:30,CET,62,5332
FIN.OUEST AFRICAIN,SN0000033192,FOAF,Euronext Paris,EUR,13,13,13,13,9/02/2021 16:30,CET,152,1976
FINANCIERE MARJOS,FR0000060824,FINM,Euronext Paris,EUR,0.274,0.274,0.272,0.272,9/02/2021 16:30,CET,3,0.81
FINANCIERE ODET,FR0000062234,ODET,Euronext Paris,EUR,810,810,806,810,9/02/2021 17:35,CET,266,215368
FINATIS,FR0000035123,FNTS,Euronext Paris,EUR,40.4,40.4,40.4,40.4,9/02/2021 11:30,CET,50,2020
FIPP,FR0000038184,FIPP,Euronext Paris,EUR,0.208,0.208,0.208,0.208,9/02/2021 16:51,CET,1003,208.63
FLOW TRADERS,NL0011279492,FLOW,Euronext Amsterdam,EUR,30.7,30.98,30.52,30.98,9/02/2021 17:35,CET,145292,4475996.94
FNAC DARTY,FR0011476928,FNAC,Euronext Paris,EUR,50,50.05,48.38,48.58,9/02/2021 17:35,CET,60646,2983093.52
FONC. PARIS NORD,FR0011277391,FPN,Euronext Paris,EUR,0.04,0.04,0.0375,0.0375,9/02/2021 17:29,CET,118410,4576.01
FONCIERE 7 INVEST,FR0000065930,LEBL,Euronext Paris,EUR,1.2,1.2,1.2,1.2,8/01/2021 16:30,CET,100,120
FONCIERE ATLAND,FR0013455482,FATL,Euronext Paris,EUR,33.255,33.5,33.25,33.5,9/02/2021 16:27,CET,9,300.61
FONCIERE EURIS,FR0000038499,EURS,Euronext Paris,EUR,11.2,11.2,11.2,11.2,9/02/2021 16:30,CET,40,448
FONCIERE INEA,FR0010341032,INEA,Euronext Paris,EUR,38,38.4,37.5,37.5,9/02/2021 17:35,CET,1254,47330.3
FONCIERE LYONNAISE,FR0000033409,FLY,Euronext Paris,EUR,64.6,64.6,64.2,64.2,9/02/2021 17:35,CET,289,18595.4
FONCIERE VOLTA,FR0000053944,SPEL,Euronext Paris,EUR,7.35,7.35,7.35,7.35,8/02/2021 16:30,CET,15,110.25
FORESTIERE EQUAT.,CI0000053161,FORE,Euronext Paris,EUR,680,680,680,680,27/01/2021 11:41,CET,2,1360
FORFARMERS,NL0011832811,FFARM,Euronext Amsterdam,EUR,5.84,5.86,5.75,5.78,9/02/2021 17:35,CET,125666,728448.95
FRANCAISE ENERGIE,FR0013030152,LFDE,Euronext Paris,EUR,22.6,23,22.4,22.4,9/02/2021 17:29,CET,2248,51118.7
FREY,FR0010588079,FREY,Euronext Paris,EUR,29.8,29.8,29.6,29.6,9/02/2021 16:30,CET,529,15757
FUGRO,NL00150004A7,FUR,Euronext Amsterdam,EUR,8.86,8.905,8.74,8.825,9/02/2021 17:35,CET,698052,6162072.55
GALAPAGOS,BE0003818359,GLPG,Euronext Amsterdam Brussels,EUR,89.48,90.56,88.9,90.28,9/02/2021 17:39,CET,257945,23163297.2
GALIMMO,FR0000030611,GALIM,Euronext Paris,EUR,15.8,15.8,15.8,15.8,9/02/2021 11:30,CET,5,79
GAUMONT,FR0000034894,GAM,Euronext Paris,EUR,121,121,120,120,9/02/2021 16:43,CET,58,7011
GEA GRENOBL.ELECT.,FR0000053035,GEA,Euronext Paris,EUR,100,100,100,100,9/02/2021 13:19,CET,6,600
GECI INTL,FR0000079634,GECP,Euronext Paris,EUR,0.034,0.0349,0.0305,0.0315,9/02/2021 17:37,CET,35444073,1133365.63
GECI INTL BSAR A,FR0013266764,GECBT,Euronext Paris,EUR,0.0025,0.0035,0.0025,0.0035,9/02/2021 17:35,CET,338004,845.01
GECINA,FR0010040865,GFC,Euronext Paris,EUR,119.6,120.8,118.8,120.7,9/02/2021 17:36,CET,103556,12467941.5
GENERAL ELECTRIC,US3696041033,GNE,Euronext Paris,EUR,9.577,9.65,9.443,9.513,9/02/2021 17:35,CET,3267,31207.12
GENERIX GROUP,FR0010501692,GENX,Euronext Paris,EUR,7.7,7.8,7.64,7.64,9/02/2021 17:35,CET,3917,30208.56
GENEURO,CH0308403085,GNRO,Euronext Paris,EUR,3.38,3.38,3.25,3.27,9/02/2021 16:57,CET,6052,20242.93
GENFIT,FR0004163111,GNFT,Euronext Paris,EUR,4.28,4.282,4.188,4.2,9/02/2021 17:35,CET,316986,1340822.78
GENKYOTEX,FR0013399474,GKTX,Euronext Paris Brussels,EUR,3.06,3.06,3.01,3.02,9/02/2021 17:29,CET,1417,4283
GENOMIC VISION,FR0011799907,GV,Euronext Paris,EUR,0.83,0.847,0.806,0.81,9/02/2021 17:35,CET,1662438,1374023.27
GENSIGHT BIOLOGICS,FR0013183985,SIGHT,Euronext Paris,EUR,7.73,7.77,7.31,7.45,9/02/2021 17:35,CET,450790,3366200.54
GEOJUNXION,NL0000430106,GOJXN,Euronext Amsterdam,EUR,1.78,1.78,1.78,1.78,9/02/2021 13:22,CET,1625,2892.5
GETLINK SE,FR0010533075,GET,Euronext Paris,EUR,13.86,13.92,13.53,13.66,9/02/2021 17:36,CET,676673,9258313.72
GL EVENTS,FR0000066672,GLO,Euronext Paris,EUR,9.68,9.83,9.22,9.36,9/02/2021 17:35,CET,48080,455262.67
GPE GROUP PIZZORNO,FR0010214064,GPE,Euronext Paris,EUR,21.4,21.4,21.4,21.4,9/02/2021 9:00,CET,1,21.4
GRAINES VOLTZ,FR0000065971,GRVO,Euronext Paris,EUR,112,114,112,113,9/02/2021 17:10,CET,318,35719
GRANDVISION,NL0010937066,GVNV,Euronext Amsterdam,EUR,25.3,25.9,25.3,25.65,9/02/2021 17:35,CET,122755,3148183.1
GROUPE CRIT,FR0000036675,CEN,Euronext Paris,EUR,62.5,62.5,61.7,62,9/02/2021 17:35,CET,219,13583.7
GROUPE FLO,FR0004076891,FLO,Euronext Paris,EUR,0.182,0.182,0.18,0.182,9/02/2021 17:35,CET,34040,6155.22
GROUPE GORGE,FR0000062671,GOE,Euronext Paris,EUR,15.78,15.78,15.58,15.62,9/02/2021 17:35,CET,5830,91519
GROUPE IRD,FR0000124232,IRD,Euronext Paris,EUR,24.975,24.975,24.975,24.975,9/02/2021 9:00,CET,1,24.98
GROUPE JAJ,FR0004010338,GJAJ,Euronext Paris,EUR,1.5,1.5,1.5,1.5,9/02/2021 11:30,CET,99,148.5
GROUPE OPEN,FR0004050300,OPN,Euronext Paris,EUR,15,15,14.44,14.44,8/02/2021 17:35,CET,1493,22307.56
GROUPE PARTOUCHE,FR0012612646,PARP,Euronext Paris,EUR,20.4,20.4,20,20.4,9/02/2021 17:20,CET,1474,29587
GROUPE SFPI,FR0004155000,SFPI,Euronext Paris,EUR,1.87,1.87,1.85,1.86,9/02/2021 17:35,CET,34897,64836.77
GT BIOPHARMA INC,US36254L1008,GTBP,Euronext Paris,EUR,0.55,0.55,0.55,0.55,24/12/2020 11:30,CET,211,116.05
GTT,FR0011726835,GTT,Euronext Paris,EUR,80.4,80.9,79.75,80.2,9/02/2021 17:35,CET,38037,3057365.3
GUERBET,FR0000032526,GBT,Euronext Paris,EUR,34.1,34.1,33.25,33.9,9/02/2021 17:35,CET,2737,92310.25
GUERBET NV21,FR0014001269,GBTNV,Euronext Paris,EUR,36.1,36.1,36.1,36.1,26/01/2021 11:30,CET,300,10830
GUILLEMOT,FR0000066722,GUI,Euronext Paris,EUR,16.45,18.55,16.15,17.9,9/02/2021 17:39,CET,145432,2519583
HAL TRUST,BMG455841020,HAL,Euronext Amsterdam,EUR,125.6,129.8,125.4,128.6,9/02/2021 17:39,CET,22018,2810012.6
HAULOTTE GROUP,FR0000066755,PIG,Euronext Paris,EUR,6.21,6.37,6.21,6.37,9/02/2021 17:35,CET,24745,155807.6
HEIJMANS,NL0009269109,HEIJM,Euronext Amsterdam,EUR,11.16,11.16,11,11.06,9/02/2021 17:35,CET,82433,909733.42
HEINEKEN,NL0000009165,HEIA,Euronext Amsterdam,EUR,88.26,89.46,88.22,89.04,9/02/2021 17:35,CET,671325,59749053.24
HEINEKEN HOLDING,NL0000008977,HEIO,Euronext Amsterdam,EUR,75.9,77.05,75.4,76.45,9/02/2021 17:35,CET,68418,5234754.35
HERMES INTL,FR0000052292,RMS,Euronext Paris,EUR,900.4,915.6,897.6,915.6,9/02/2021 17:35,CET,45022,41012520.2
HEXAOM,FR0004159473,HEXA,Euronext Paris,EUR,37.2,37.2,36.5,36.5,9/02/2021 17:35,CET,5341,196805.85
HF,FR0000038531,HF,Euronext Paris,EUR,6.4,6.48,6.4,6.4,9/02/2021 17:28,CET,5195,33445.68
HIGH CO,FR0000054231,HCO,Euronext Paris,EUR,5.38,5.4,5.26,5.36,9/02/2021 17:35,CET,4842,25847.52
HIPAY GROUP,FR0012821916,HIPAY,Euronext Paris,EUR,17.15,17.15,16,16.7,9/02/2021 17:35,CET,8471,140287.55
HOLLAND COLOURS,NL0000440311,HOLCO,Euronext Amsterdam,EUR,115,119,115,119,9/02/2021 17:03,CET,502,59280
HOPSCOTCH GROUPE,FR0000065278,HOP,Euronext Paris,EUR,7.94,7.94,7.68,7.78,9/02/2021 16:17,CET,1238,9629.64
HOTELS DE PARIS,FR0004165801,HDP,Euronext Paris,EUR,2.4,2.4,2.4,2.4,9/02/2021 16:30,CET,1071,2570.4
HUNTER DOUGLAS,ANN4327C1220,HDG,Euronext Amsterdam,EUR,65.2,65.2,64.8,65,9/02/2021 17:35,CET,19535,1270270.2
HUNTER DOUGLAS,ANN4327C1303,HUNDP,Euronext Amsterdam,EUR,0.42,0.42,0.42,0.42,5/02/2021 11:30,CET,500,210
HYDRATEC,NL0009391242,HYDRA,Euronext Amsterdam,EUR,61,61,61,61,9/02/2021 16:30,CET,77,4697
ICADE,FR0000035081,ICAD,Euronext Paris,EUR,59.55,59.6,58.85,59.6,9/02/2021 17:35,CET,45444,2697418.3
ICT GROUP,NL0000359537,ICT,Euronext Amsterdam,EUR,10.55,10.6,10.45,10.45,9/02/2021 14:26,CET,647,6774.35
ID LOGISTICS GROUP,FR0010929125,IDL,Euronext Paris,EUR,231,232.5,230,231.5,9/02/2021 17:35,CET,1718,397039.5
IDI,FR0000051393,IDIP,Euronext Paris,EUR,41.3,41.4,40.5,41,9/02/2021 16:24,CET,633,25885.7
IEX GROUP NV,NL0010556726,IEX,Euronext Amsterdam,EUR,2.06,2.06,2.06,2.06,9/02/2021 16:56,CET,964,1985.84
IGE + XAO,FR0000030827,IGE,Euronext Paris,EUR,189,189,189,189,9/02/2021 15:32,CET,33,6237
ILIAD,FR0004035913,ILD,Euronext Paris,EUR,153.7,157.1,152.25,155.9,9/02/2021 17:35,CET,101916,15839362.75
IMCD,NL0010801007,IMCD,Euronext Amsterdam,EUR,103.6,104.35,102.9,104.35,9/02/2021 17:35,CET,137909,14309125.05
IMERYS,FR0000120859,NK,Euronext Paris,EUR,41.04,41.04,40.34,40.9,9/02/2021 17:35,CET,77032,3132943.58
IMMOB.DASSAULT,FR0000033243,IMDA,Euronext Paris,EUR,58.2,59,58.2,59,9/02/2021 17:37,CET,313,18418
INDLE FIN.ENTREPR.,FR0000066219,INFE,Euronext Paris,EUR,49.2,49.2,49.2,49.2,9/02/2021 16:30,CET,150,7380
INFOTEL,FR0000071797,INF,Euronext Paris,EUR,42.2,43,42,42.4,9/02/2021 17:35,CET,7252,308489.7
ING GROEP N.V.,NL0011821202,INGA,Euronext Amsterdam Brussels,EUR,7.84,7.866,7.743,7.776,9/02/2021 17:36,CET,11481665,89399495.91
INNATE PHARMA,FR0010331421,IPH,Euronext Paris,EUR,4,4.294,3.928,3.98,9/02/2021 17:36,CET,2124418,8706282.71
INPOST,LU2290522684,INPST,Euronext Amsterdam,EUR,19.5,19.5,19.098,19.2,9/02/2021 17:35,CET,813454,15621676.36
INTERPARFUMS,FR0004024222,ITP,Euronext Paris,EUR,45.75,45.75,44.7,45.7,9/02/2021 17:35,CET,17799,806828.65
INTERTRUST,NL0010937058,INTER,Euronext Amsterdam,EUR,13.4,13.44,13.28,13.34,9/02/2021 17:35,CET,51421,686885.38
INTEXA,FR0000064958,ITXT,Euronext Paris,EUR,3,3,3,3,28/01/2021 11:30,CET,70,210
INVENTIVA,FR0013233012,IVA,Euronext Paris,EUR,14.96,15.28,14.32,14.46,9/02/2021 17:35,CET,310471,4645451.62
IPSEN,FR0010259150,IPN,Euronext Paris,EUR,74.5,75.2,73.35,75.2,9/02/2021 17:35,CET,119811,8982947.65
IPSOS,FR0000073298,IPS,Euronext Paris,EUR,29.45,29.45,29,29.3,9/02/2021 17:35,CET,37612,1099477
ITESOFT,FR0004026151,ITE,Euronext Paris,EUR,2.94,3,2.92,2.96,9/02/2021 17:29,CET,1905,5579.4
JACQUES BOGART,FR0012872141,JBOG,Euronext Paris,EUR,9.4,9.46,9.3,9.4,9/02/2021 15:41,CET,1813,17042.98
JACQUET METALS,FR0000033904,JCQ,Euronext Paris,EUR,15,15.1,14.9,15.02,9/02/2021 17:36,CET,5118,76852.04
JC DECAUX SA.,FR0000077919,DEC,Euronext Paris,EUR,17.39,17.54,17.23,17.54,9/02/2021 17:35,CET,99834,1742805.29
JDE PEET'S,NL0014332678,JDEP,Euronext Amsterdam,EUR,33.31,33.74,32.67,32.79,9/02/2021 17:35,CET,256219,8439628.86
JUST EAT TAKEAWAY,NL0012015705,TKWY,Euronext Amsterdam,EUR,90.2,90.22,88.24,88.5,9/02/2021 17:35,CET,597407,53162868.76
KAUFMAN ET BROAD,FR0004007813,KOF,Euronext Paris,EUR,38,38.2,37.55,38,9/02/2021 17:36,CET,32383,1228955.6
KENDRION,NL0000852531,KENDR,Euronext Amsterdam,EUR,19.18,19.22,18.7,18.9,9/02/2021 17:35,CET,17902,339175.3
KERING,FR0000121485,KER,Euronext Paris,EUR,548,558.9,547.6,555.5,9/02/2021 17:38,CET,182091,101078106.4
KEYRUS,FR0004029411,KEY,Euronext Paris,EUR,3.18,3.2,3.02,3.04,9/02/2021 17:35,CET,11468,35684.3
KIADIS,NL0011323407,KDS,Euronext Amsterdam Brussels,EUR,5.345,5.355,5.34,5.355,9/02/2021 17:35,CET,47228,252571.89
KLEPIERRE,FR0000121964,LI,Euronext Paris,EUR,18.015,18.715,17.76,18.61,9/02/2021 17:37,CET,976982,18029116.17
KORIAN,FR0010386334,KORI,Euronext Paris,EUR,30.56,30.96,30.4,30.6,9/02/2021 17:35,CET,166966,5120615.4
KPN KON,NL0000009082,KPN,Euronext Amsterdam,EUR,2.665,2.699,2.661,2.676,9/02/2021 17:35,CET,8163579,21867260.75
L''OREAL,FR0000120321,OR,Euronext Paris,EUR,309.7,312.8,307.6,312.8,9/02/2021 17:35,CET,409709,127463899.6
LA FONCIERE VERTE,FR0000039638,LFVE,Euronext Paris,EUR,111,111,111,111,3/09/2020 11:30,CET,1,111
LACROIX GROUP,FR0000066607,LACR,Euronext Paris,EUR,33,33.2,32.9,33.2,9/02/2021 17:35,CET,150,4952.5
LAFARGEHOLCIM LTD,CH0012214059,LHN,Euronext Paris,EUR,46.8,46.8,45.92,46.06,9/02/2021 17:35,CET,11870,547548.28
LAGARDERE S.C.A.,FR0000130213,MMB,Euronext Paris,EUR,20.78,20.98,20.62,20.9,9/02/2021 17:37,CET,37676,784787.94
LATECOERE,FR0000032278,LAT,Euronext Paris,EUR,2.01,2.08,1.9,1.952,9/02/2021 17:35,CET,103994,209076.22
LAURENT-PERRIER,FR0006864484,LPE,Euronext Paris,EUR,75.2,75.6,74.2,75,9/02/2021 17:35,CET,596,44624
LAVIDE HOLDING,NL0010545679,LVIDE,Euronext Amsterdam,EUR,0.845,0.86,0.765,0.815,9/02/2021 17:35,CET,244070,196123.22
LDC,FR0013204336,LOUP,Euronext Paris,EUR,99.8,100.5,99,100,9/02/2021 17:35,CET,1602,159662.4
LEBON,FR0000121295,LBON,Euronext Paris,EUR,72.4,72.4,69.8,71.6,9/02/2021 16:24,CET,670,47603.4
LECTRA,FR0000065484,LSS,Euronext Paris,EUR,30,32,29.3,31.5,9/02/2021 17:35,CET,40773,1251516.95
LEGRAND,FR0010307819,LR,Euronext Paris,EUR,78.06,78.12,77.38,77.86,9/02/2021 17:35,CET,280382,21811244.56
LINEDATA SERVICES,FR0004156297,LIN,Euronext Paris,EUR,31.8,32,31.6,32,9/02/2021 17:35,CET,1717,54703.5
LISI,FR0000050353,FII,Euronext Paris,EUR,22.05,22.4,20.85,22.4,9/02/2021 17:35,CET,42558,926781.8
LNA SANTE,FR0004170017,LNA,Euronext Paris,EUR,48.6,48.7,48.05,48.45,9/02/2021 17:35,CET,9211,449123.65
LUCASBOLS,NL0010998878,BOLS,Euronext Amsterdam,EUR,10.1,10.15,10.05,10.05,9/02/2021 17:35,CET,6199,62662.45
LUMIBIRD,FR0000038242,LBIRD,Euronext Paris,EUR,17,17,16.76,16.96,9/02/2021 17:36,CET,8209,138534.02
LVMH,FR0000121014,MC,Euronext Paris,EUR,531.6,541.1,528,537,9/02/2021 17:37,CET,376854,202062942.2
LYSOGENE,FR0013233475,LYS,Euronext Paris,EUR,3.2,3.23,3,3.12,9/02/2021 17:35,CET,453746,1406030.45
M.R.M,FR0000060196,MRM,Euronext Paris,EUR,0.92,0.92,0.92,0.92,9/02/2021 17:17,CET,13477,12398.84
MAISONS DU MONDE,FR0013153541,MDM,Euronext Paris,EUR,15.66,15.8,15.39,15.67,9/02/2021 17:35,CET,139651,2184229.61
MALTERIES FCO-BEL.,FR0000030074,MALT,Euronext Paris,EUR,770,770,770,770,9/02/2021 11:38,CET,6,4620
MANITOU BF,FR0000038606,MTU,Euronext Paris,EUR,27.95,27.95,26.95,27.3,9/02/2021 17:35,CET,16246,445875.65
MANUTAN INTL,FR0000032302,MAN,Euronext Paris,EUR,75.8,76,75.6,75.8,9/02/2021 17:35,CET,460,34809
MAREL,IS0000000388,MAREL,Euronext Amsterdam,EUR,5.8,6.02,5.8,5.96,9/02/2021 17:35,CET,60630,358472.2
MAROC TELECOM,MA0000011488,IAM,Euronext Paris,EUR,13.6,13.8,13.6,13.7,9/02/2021 11:35,CET,3672,50411.8
MAUNA KEA TECH,FR0010609263,MKEA,Euronext Paris,EUR,1.632,1.632,1.57,1.584,9/02/2021 17:35,CET,144939,231399.09
MAUREL ET PROM,FR0000051070,MAU,Euronext Paris,EUR,1.774,1.79,1.742,1.752,9/02/2021 17:35,CET,112395,198408.32
MBWS,FR0000060873,MBWS,Euronext Paris,EUR,1.502,1.504,1.416,1.5,9/02/2021 17:35,CET,100782,149423.84
MBWS BSA 2022,FR0013404944,MBWBT,Euronext Paris,EUR,0.026,0.026,0.026,0.026,9/02/2021 17:05,CET,35000,910
MBWS BSAR 2023,FR0013066313,MBWSZ,Euronext Paris,EUR,0.025,0.025,0.025,0.025,11/01/2021 9:35,CET,1000,25
MCPHY ENERGY,FR0011742329,MCPHY,Euronext Paris,EUR,35.15,35.2,32.15,32.45,9/02/2021 17:35,CET,426374,14041622.1
MEDIA 6,FR0000064404,EDI,Euronext Paris,EUR,8.7,8.85,7.3,8.45,9/02/2021 15:28,CET,2293,19035.95
MEDINCELL,FR0004065605,MEDCL,Euronext Paris,EUR,14,14,13.45,13.6,9/02/2021 17:35,CET,23672,321828.55
MEMSCAP REGPT,FR0010298620,MEMS,Euronext Paris,EUR,1.78,1.78,1.7,1.7,9/02/2021 17:35,CET,31566,54638.17
MERCIALYS,FR0010241638,MERY,Euronext Paris,EUR,7.53,7.63,7.46,7.6,9/02/2021 17:39,CET,536323,4063439.55
MERCK AND CO INC,US58933Y1055,MRK,Euronext Paris,EUR,66.4,66.4,61,62,9/02/2021 17:27,CET,1650,104266.8
MERSEN,FR0000039620,MRN,Euronext Paris,EUR,27.9,28.1,27.2,27.9,9/02/2021 17:35,CET,45210,1252565.75
METABOLIC EXPLORER,FR0004177046,METEX,Euronext Paris,EUR,3.16,3.27,3.09,3.11,9/02/2021 17:35,CET,221663,701666.98
METROPOLE TV,FR0000053225,MMT,Euronext Paris,EUR,15.08,15.22,14.92,15.2,9/02/2021 17:35,CET,109365,1652764.68
MICHELIN,FR0000121261,ML,Euronext Paris,EUR,117.5,118.15,115.55,117.2,9/02/2021 17:38,CET,485979,56784410.75
MICHELIN NV21,FR00140015Q5,MLNV,Euronext Paris,EUR,107,107,107,107,9/02/2021 16:30,CET,10,1070
MICROPOLE,FR0000077570,MUN,Euronext Paris,EUR,1.165,1.175,1.13,1.17,9/02/2021 17:35,CET,78871,90958.01
MKB Nedsense,NL0009312842,NEDSE,Euronext Amsterdam,EUR,0.143,0.143,0.143,0.143,9/02/2021 16:09,CET,2135,305.31
MONCEY (FIN.) NOM.,FR0000076986,MONC,Euronext Paris,EUR,4680,4680,4680,4680,8/02/2021 16:30,CET,1,4680
MOREFIELD GROUP,CWN814651014,MORE,Euronext Amsterdam,EUR,0.288,0.288,0.274,0.284,9/02/2021 17:35,CET,7761,2180.22
MUSEE GREVIN,FR0000037970,GREV,Euronext Paris,EUR,51,51,51,51,3/02/2021 16:30,CET,60,3060
NACON,FR0013482791,NACON,Euronext Paris,EUR,8.05,8.18,7.92,8.16,9/02/2021 17:35,CET,60729,489888.55
NANOBIOTIX,FR0011341205,NANO,Euronext Paris,EUR,15.32,15.32,14.86,15,9/02/2021 17:35,CET,57619,868547.4
NATIXIS,FR0000120685,KN,Euronext Paris,EUR,3.5,3.77,3.497,3.7,8/02/2021 17:37,CET,30335969,111604130.6
NAVYA,FR0013018041,NAVYA,Euronext Paris,EUR,3.05,3.08,2.875,2.98,9/02/2021 17:35,CET,1086913,3233131.7
NEDAP,NL0000371243,NEDAP,Euronext Amsterdam,EUR,51.6,51.8,51,51.6,9/02/2021 17:35,CET,2919,150232.6
NEOEN,FR0011675362,NEOEN,Euronext Paris,EUR,57.6,58.1,53.8,54.8,9/02/2021 17:35,CET,272462,15035904.2
NEPI ROCKCASTLE,IM00BDD7WV31,NRP,Euronext Amsterdam,EUR,5.3,5.45,5.2,5.2,9/02/2021 16:50,CET,3685,19403.3
NETGEM,FR0004154060,NTG,Euronext Paris,EUR,1.345,1.4,1.31,1.37,9/02/2021 17:35,CET,101255,137882.42
NEURONES,FR0004050250,NRO,Euronext Paris,EUR,24.6,24.8,24.5,24.8,9/02/2021 17:35,CET,2266,55683.9
NEW SOURCES ENERGY,NL0009822014,NSE,Euronext Amsterdam,EUR,0.135,0.135,0.135,0.135,9/02/2021 16:54,CET,65180,8799.36
NEWAYS ELECTRONICS,NL0000440618,NEWAY,Euronext Amsterdam,EUR,9.08,9.22,9.06,9.12,9/02/2021 17:10,CET,4125,37633.24
NEXANS,FR0000044448,NEX,Euronext Paris,EUR,66.5,66.7,64.65,65.1,9/02/2021 17:35,CET,49409,3223507.2
NEXITY,FR0010112524,NXI,Euronext Paris,EUR,38.6,38.62,37.92,37.96,9/02/2021 17:39,CET,54954,2097023.24
NEXTSTAGE,FR0012789386,NEXTS,Euronext Paris,EUR,87,87,86.5,86.5,9/02/2021 14:23,CET,15,1303
NIBC HOLDING,NL0012756316,NIBC,Euronext Amsterdam,EUR,7,7.01,7,7.01,9/02/2021 17:35,CET,1030,7210.51
NICOX,FR0013018124,COX,Euronext Paris,EUR,4.575,4.575,4.48,4.5,9/02/2021 17:35,CET,204937,927689.52
NN GROUP,NL0010773842,NN,Euronext Amsterdam,EUR,35.3,35.51,35.05,35.45,9/02/2021 17:35,CET,638274,22565634.82
NOKIA,FI0009000681,NOKIA,Euronext Paris,EUR,3.541,3.566,3.4665,3.501,9/02/2021 17:35,CET,1016975,3569309.92
NOVISOURCE,NL0010696704,NOVI,Euronext Amsterdam,EUR,1.24,1.25,1.21,1.25,9/02/2021 16:28,CET,3302,4062.42
NR21,FR0004166155,NR21,Euronext Paris,EUR,5.6,6,5.4,5.8,9/02/2021 17:29,CET,12348,68910
NRJ GROUP,FR0000121691,NRG,Euronext Paris,EUR,6.58,6.6,6.52,6.52,9/02/2021 16:00,CET,1878,12358.44
NSI N.V.,NL0012365084,NSI,Euronext Amsterdam,EUR,32,32.1,31.6,31.65,9/02/2021 17:35,CET,23577,749182.25
OCI,NL0010558797,OCI,Euronext Amsterdam,EUR,18.35,18.65,17.98,18.09,9/02/2021 17:35,CET,255406,4650835.82
OENEO,FR0000052680,SBT,Euronext Paris,EUR,11.46,11.56,11.32,11.56,9/02/2021 17:35,CET,4914,56144.2
OL GROUPE,FR0010428771,OLG,Euronext Paris,EUR,2.03,2.08,2.02,2.04,9/02/2021 17:35,CET,28307,58144.68
ORANGE,FR0000133308,ORA,Euronext Paris,EUR,9.8,9.81,9.7,9.732,9/02/2021 17:38,CET,6302079,61362055.62
ORANJEWOUD A,NL0000370419,ORANW,Euronext Amsterdam,EUR,6.25,6.3,6.25,6.3,9/02/2021 16:30,CET,1488,9340.05
ORAPI,FR0000075392,ORAP,Euronext Paris,EUR,9.5,9.52,9,9.14,9/02/2021 17:35,CET,24275,223173.04
ORAPI BSA,FR0013522216,ORAPB,Euronext Paris,EUR,3.4005,3.749,3.37,3.38,9/02/2021 17:35,CET,1983,6718.39
ORCHESTRA-PREMAMAN,FR0013190410,KAZI,Euronext Paris,EUR,0.1815,0.1815,0.1785,0.1785,27/03/2020 14:13,CET,1301,232.23
ORDINA,NL0000440584,ORDI,Euronext Amsterdam,EUR,2.92,2.955,2.905,2.94,9/02/2021 17:35,CET,95818,280990.68
OREGE,FR0010609206,OREGE,Euronext Paris,EUR,1.975,1.975,1.9,1.905,9/02/2021 17:29,CET,37163,72322.03
ORPEA,FR0000184798,ORP,Euronext Paris,EUR,113.45,115.6,113.3,115.25,9/02/2021 17:35,CET,144307,16597069
OSE IMMUNO,FR0012127173,OSE,Euronext Paris,EUR,14.75,14.75,13.6,14,9/02/2021 17:35,CET,561003,7944795.4
PARAGON ID,FR0013318813,PID,Euronext Paris,EUR,25.6,26,25.5,25.5,9/02/2021 17:11,CET,70,1796.6
PAREF,FR0010263202,PAR,Euronext Paris,EUR,66,66,65,65,9/02/2021 12:58,CET,121,7948
PARROT,FR0004038263,PARRO,Euronext Paris,EUR,7.26,7.34,6.9,7.08,9/02/2021 17:35,CET,43585,309631.52
PARROT BSA 1,FR0013054269,PABSA,Euronext Paris,EUR,0.001,0.001,0.001,0.001,4/02/2021 14:29,CET,448,0.45
PARROT BSA 2,FR0013054335,PABSB,Euronext Paris,EUR,0.0005,0.0005,0.0005,0.0005,4/02/2021 14:30,CET,308,0.15
PASSAT,FR0000038465,PSAT,Euronext Paris,EUR,7.3,7.35,7.15,7.35,9/02/2021 17:35,CET,2305,16632.85
PATRIMOINE ET COMM,FR0011027135,PAT,Euronext Paris,EUR,14.65,14.8,14.5,14.55,9/02/2021 16:04,CET,1659,24241.5
PCAS,FR0000053514,PCA,Euronext Paris,EUR,13.6,14,13.1,13.6,9/02/2021 17:26,CET,11911,163958.6
PERNOD RICARD,FR0000120693,RI,Euronext Paris,EUR,161.8,164.1,161.45,163.75,9/02/2021 17:35,CET,431655,70608337.85
PERRIER (GERARD),FR0000061459,PERR,Euronext Paris,EUR,65.2,65.6,65,65,9/02/2021 17:29,CET,288,18778.4
PERSHING,GG00BPFJTF46,PSH,Euronext Amsterdam,USD,35.5,35.6,35.2,35.3,9/02/2021 17:35,CET,58554,2072167.15
PHARMAGEST INTER.,FR0012882389,PHA,Euronext Paris,EUR,113.2,113.6,112.4,112.8,9/02/2021 17:37,CET,4033,455345.2
PHARMING GROUP,NL0010391025,PHARM,Euronext Amsterdam,EUR,1.146,1.148,1.1175,1.128,9/02/2021 17:39,CET,8224203,9312094.89
PHILIPS KON,NL0000009538,PHIA,Euronext Amsterdam,EUR,46.6,47.04,46.505,47.04,9/02/2021 17:35,CET,1618483,75882199.38
PIERRE VACANCES,FR0000073041,VAC,Euronext Paris,EUR,12.1,12.35,11.85,11.9,9/02/2021 17:35,CET,71542,867838.65
PLAST.VAL LOIRE,FR0013252186,PVL,Euronext Paris,EUR,7.51,7.58,7.29,7.36,9/02/2021 17:35,CET,40269,299222.36
PLASTIC OMNIUM,FR0000124570,POM,Euronext Paris,EUR,33.12,33.2,32.72,33.1,9/02/2021 17:35,CET,97642,3226679.38
PORCELEYNE FLES,NL0000378669,PORF,Euronext Amsterdam,EUR,9,9,9,9,8/02/2021 11:30,CET,90,810
POSTNL,NL0009739416,PNL,Euronext Amsterdam,EUR,3.551,3.578,3.523,3.578,9/02/2021 17:35,CET,4354682,15465203.21
POXEL,FR0012432516,POXEL,Euronext Paris,EUR,7.18,7.18,6.85,7.06,9/02/2021 17:35,CET,159417,1116353.87
PRECIA,FR0000060832,PREC,Euronext Paris,EUR,214,214,214,214,9/02/2021 10:36,CET,4,856
PROACTIS SA,FR0004052561,PROAC,Euronext Paris,EUR,0.157,0.157,0.152,0.155,9/02/2021 17:35,CET,14052,2156.06
PRODWAYS,FR0012613610,PWG,Euronext Paris,EUR,2.9,2.99,2.8,2.98,9/02/2021 17:36,CET,94666,276370.8
PROLOGUE,FR0010380626,PROL,Euronext Paris,EUR,0.413,0.448,0.413,0.419,9/02/2021 17:35,CET,249846,106424.43
PROLOGUE BSAA2021,FR0011994326,PRBS2,Euronext Paris,EUR,0.003,0.003,0.003,0.003,9/02/2021 16:30,CET,149999,450
PROSUS,NL0013654783,PRX,Euronext Amsterdam,EUR,101,102.6,100.25,102.05,9/02/2021 17:35,CET,1177471,119496954.8
PSB INDUSTRIES,FR0000060329,PSB,Euronext Paris,EUR,18.15,18.25,18.05,18.05,9/02/2021 16:27,CET,1127,20432.8
PUBLICIS BSA,FR0000312928,PUBBS,Euronext Paris,EUR,18.8,18.8,18.7,18.7,9/02/2021 16:27,CET,110,2058
PUBLICIS GROUPE SA,FR0000130577,PUB,Euronext Paris,EUR,46.25,46.53,45.71,46.23,9/02/2021 17:35,CET,1004233,46381426.28
QUADIENT,FR0000120560,QDT,Euronext Paris,EUR,19,19,18.52,18.64,9/02/2021 17:35,CET,72170,1345274.53
RALLYE,FR0000060618,RAL,Euronext Paris,EUR,6.64,6.64,6.24,6.34,9/02/2021 17:35,CET,58528,375745.39
RAMSAY GEN SANTE,FR0000044471,GDS,Euronext Paris,EUR,17.55,17.8,17.4,17.8,9/02/2021 17:35,CET,166,2923.65
RANDSTAD NV,NL0000379121,RAND,Euronext Amsterdam,EUR,56.2,56.66,54.72,55.64,9/02/2021 17:35,CET,1260569,70535952.98
RECYLEX S.A.,FR0000120388,RX,Euronext Paris,EUR,1.842,1.868,1.816,1.848,13/05/2020 17:20,CET,7005,12873.94
REINET INVESTMENTS,LU0383812293,REINA,Euronext Amsterdam,EUR,15.46,15.46,15.44,15.44,9/02/2021 15:39,CET,1100,16989.9
RELX,GB00B2B0DG97,REN,Euronext Amsterdam,EUR,20.87,20.87,20.41,20.52,9/02/2021 17:35,CET,1417614,29131158.97
REMY COINTREAU,FR0000130395,RCO,Euronext Paris,EUR,155.3,157.8,154.9,157.8,9/02/2021 17:35,CET,55929,8785381.6
RENAULT,FR0000131906,RNO,Euronext Paris,EUR,40.18,40.3,38.96,39.77,9/02/2021 17:37,CET,1565123,61968860.13
RENEWI,GB0007995243,RWI,Euronext Amsterdam,EUR,0.482,0.483,0.47,0.473,9/02/2021 17:35,CET,234818,111421.67
REXEL,FR0010451203,RXL,Euronext Paris,EUR,13.865,13.885,13.525,13.64,9/02/2021 17:35,CET,946995,12942225.71
ROBERTET,FR0000039091,RBT,Euronext Paris,EUR,953,972,950,971,9/02/2021 17:35,CET,631,606840
ROBERTET CDV 87,FR0000045619,CBR,Euronext Paris,EUR,200,200,200,200,29/09/2020 16:30,CET,1,200
ROBERTET CI,FR0000045601,CBE,Euronext Paris,EUR,840,850,840,850,9/02/2021 16:30,CET,69,58060
ROCHE BOBOIS,FR0013344173,RBO,Euronext Paris,EUR,20.7,20.8,20.4,20.5,9/02/2021 17:17,CET,1187,24470.4
ROODMICROTEC,NL0000440477,ROOD,Euronext Amsterdam,EUR,0.231,0.235,0.227,0.228,9/02/2021 17:35,CET,452341,104279.68
ROTHSCHILD & CO,FR0000031684,ROTH,Euronext Paris,EUR,30.95,30.95,30.4,30.45,9/02/2021 17:35,CET,24975,765130.4
ROYAL DUTCH SHELLA,GB00B03MLX29,RDSA,Euronext Amsterdam,EUR,15.968,16.178,15.71,15.734,9/02/2021 17:37,CET,13237760,210862752.2
ROYAL DUTCH SHELLB,GB00B03MM408,RDSB,Euronext Amsterdam,EUR,15.002,15.228,14.868,14.89,9/02/2021 17:35,CET,157994,2376638.83
RUBIS,FR0013269123,RUI,Euronext Paris,EUR,39,39.16,38.76,39.16,9/02/2021 17:35,CET,231747,9050129.58
S.E.B.,FR0000121709,SK,Euronext Paris,EUR,161.6,164.1,161,163.5,9/02/2021 17:37,CET,37050,6047302.7
SAFRAN,FR0000073272,SAF,Euronext Paris,EUR,112.25,113.5,111.3,111.65,9/02/2021 17:35,CET,597234,66880724.75
SAINT JEAN GROUPE,FR0000060121,SABE,Euronext Paris,EUR,28.8,28.8,28.8,28.8,9/02/2021 11:30,CET,12,345.6
SAMSE,FR0000060071,SAMS,Euronext Paris,EUR,158,159,156,158,9/02/2021 17:35,CET,194,30584
SANOFI,FR0000120578,SAN,Euronext Paris,EUR,80.55,80.77,79.64,80.58,9/02/2021 17:38,CET,1912708,153701632.2
SANOFI NV21,FR00140012D0,SANNV,Euronext Paris,EUR,76,76,76,76,9/02/2021 11:30,CET,100,7600
SARTORIUS STED BIO,FR0013154002,DIM,Euronext Paris,EUR,389,397.4,388,394.4,9/02/2021 17:35,CET,64272,25290350
SAVENCIA,FR0000120107,SAVE,Euronext Paris,EUR,61,61,60,60.8,9/02/2021 17:29,CET,1525,91922.6
SBM OFFSHORE,NL0000360618,SBMO,Euronext Amsterdam,EUR,15.23,15.26,15.065,15.08,9/02/2021 17:35,CET,417945,6325124.27
SCBSM,FR0006239109,CBSM,Euronext Paris,EUR,8.8,8.95,8.8,8.8,9/02/2021 17:35,CET,190,1673.2
SCHLUMBERGER,AN8068571086,SLB,Euronext Paris,EUR,21.4,21.8,21.1,21.3,9/02/2021 17:35,CET,32243,689390.2
SCHNEIDER ELECTRIC,FR0000121972,SU,Euronext Paris,EUR,124.7,125.25,123.15,123.15,9/02/2021 17:35,CET,1068693,131919781
SCOR SE,FR0010411983,SCR,Euronext Paris,EUR,28,28.6,27.76,28.1,9/02/2021 17:36,CET,726672,20417446.7
SECHE ENVIRONNEM.,FR0000039109,SCHP,Euronext Paris,EUR,48.6,49.5,48.6,49.5,9/02/2021 17:35,CET,7789,382551.55
SEGRO PLC,GB00B5ZN1N88,SGRO,Euronext Paris,EUR,10.09,10.09,10.09,10.09,23/11/2020 0:00,CET,-,-
SELCODIS,FR0000065492,SLCO,Euronext Paris,EUR,0.29,0.29,0.29,0.29,25/03/2009 0:00,CET,2074,601
SELECTIRENTE,FR0004175842,SELER,Euronext Paris,EUR,87.3,87.3,87.3,87.3,9/02/2021 11:30,CET,9382,819048.6
SERGEFERRARI GROUP,FR0011950682,SEFER,Euronext Paris,EUR,7.12,7.12,6.96,7,9/02/2021 17:37,CET,15518,109385.4
SES,LU0088087324,SESG,Euronext Paris,EUR,6.764,6.912,6.686,6.844,9/02/2021 17:35,CET,947415,6457363.47
SES IMAGOTAG,FR0010282822,SESL,Euronext Paris,EUR,45.55,45.55,43.3,44.05,9/02/2021 17:35,CET,8369,371307.7
SHOWROOMPRIVE,FR0013006558,SRP,Euronext Paris,EUR,3.815,3.85,3.355,3.565,9/02/2021 17:35,CET,2597596,9225451.53
SIF HOLDING,NL0011660485,SIFG,Euronext Amsterdam,EUR,18,18,17.7,17.72,9/02/2021 17:35,CET,8445,150067.26
SIGNAUX GIROD,FR0000060790,GIRO,Euronext Paris,EUR,15.85,16.45,15.85,16.1,9/02/2021 16:06,CET,1140,18382.35
SIGNIFY NV,NL0011821392,LIGHT,Euronext Amsterdam,EUR,38.84,39.72,38.25,39.42,9/02/2021 17:36,CET,612128,24026888.8
SII,FR0000074122,SII,Euronext Paris,EUR,22.3,22.5,21.6,21.6,9/02/2021 17:35,CET,2469,54809.9
SLIGRO FOOD GROUP,NL0000817179,SLIGR,Euronext Amsterdam,EUR,19,19.24,18.9,19.08,9/02/2021 17:36,CET,40657,775122.7
SMCP,FR0013214145,SMCP,Euronext Paris,EUR,4.544,4.56,4.42,4.448,9/02/2021 17:35,CET,107716,482082.25
SMTPC,FR0004016699,SMTPC,Euronext Paris,EUR,15.75,15.85,15.7,15.8,9/02/2021 17:29,CET,2516,39651.85
SNOWWORLD,NL0010627865,SNOW,Euronext Amsterdam,EUR,12.9,12.9,12.9,12.9,9/02/2021 9:36,CET,10,129
SOC FRANC CASINOS,FR0010209809,SFCA,Euronext Paris,EUR,1.87,1.87,1.87,1.87,9/02/2021 11:30,CET,1,1.87
SOCIETE GENERALE,FR0000130809,GLE,Euronext Paris,EUR,17.338,17.452,17.136,17.404,9/02/2021 17:37,CET,3590990,62205974.62
SODEXO,FR0000121220,SW,Euronext Paris,EUR,75.62,76.64,75,75.9,9/02/2021 17:35,CET,327376,24869501.64
SODITECH,FR0000078321,SEC,Euronext Paris,EUR,0.54,0.58,0.54,0.58,9/02/2021 16:51,CET,9662,5522
SOFIBUS PATRIMOINE,FR0000038804,SFBS,Euronext Paris,EUR,308,308,308,308,8/02/2021 16:48,CET,20,6160
SOGECLAIR,FR0000065864,SOG,Euronext Paris,EUR,18,18,17.95,17.95,9/02/2021 17:19,CET,820,14748.3
SOITEC,FR0013227113,SOI,Euronext Paris,EUR,175.8,176.6,173.7,176.5,9/02/2021 17:35,CET,56015,9852108.7
SOLOCAL GROUP,FR00140006O9,LOCAL,Euronext Paris,EUR,2.92,3.184,2.8685,3.0385,9/02/2021 17:35,CET,1574478,4837963.55
SOLUTIONS 30 SE,FR0013379484,S30,Euronext Paris,EUR,9.9,10.33,9.9,9.99,9/02/2021 17:35,CET,984380,9899023.46
SOMFY SA,FR0013199916,SO,Euronext Paris,EUR,149,149,147,148.2,9/02/2021 17:35,CET,3732,551703.6
SOPRA STERIA GROUP,FR0000050809,SOP,Euronext Paris,EUR,141,142.4,140.3,142.4,9/02/2021 17:35,CET,13620,1931651.1
SPIE,FR0012757854,SPIE,Euronext Paris,EUR,19.19,19.19,18.7,18.7,9/02/2021 17:36,CET,398634,7488768.3
SPIR COMMUNICATION,FR0000131732,SPI,Euronext Paris,EUR,5.9,6.55,5,5,29/01/2021 17:35,CET,9344,54952.45
SQLI,FR0011289040,SQI,Euronext Paris,EUR,18.55,19.2,18.55,19.2,9/02/2021 17:35,CET,6047,115077.5
ST DUPONT,FR0000054199,DPT,Euronext Paris,EUR,0.09,0.09,0.0892,0.0894,9/02/2021 17:35,CET,17397,1560.73
STEF,FR0000064271,STF,Euronext Paris,EUR,77.1,77.8,77.1,77.6,9/02/2021 17:35,CET,1094,84656.2
STELLANTIS NV,NL00150001Q9,STLA,Euronext Paris,EUR,13.63,13.63,13.404,13.472,9/02/2021 17:38,CET,4518725,60908718.47
STENTYS,FR0010949404,STNT,Euronext Paris,EUR,0.468,0.4745,0.456,0.46,22/07/2019 17:25,CET,53783,24756.702
STERN GROEP,NL0000336303,STRN,Euronext Amsterdam,EUR,12.2,12.35,12,12,9/02/2021 17:15,CET,1654,20034.95
STMICROELECTRONICS,NL0000226223,STM,Euronext Paris,EUR,34.5,34.82,34.28,34.57,9/02/2021 17:36,CET,1851385,63967154.43
SUEZ,FR0010613471,SEV,Euronext Paris Brussels,EUR,17.185,17.345,17.135,17.225,9/02/2021 17:35,CET,1320500,22750635.12
SWORD GROUP,FR0004180578,SWP,Euronext Paris,EUR,34.6,34.6,34.35,34.5,9/02/2021 17:35,CET,5469,188968.85
SYNERGIE,FR0000032658,SDG,Euronext Paris,EUR,31.6,31.8,31.55,31.6,9/02/2021 17:35,CET,2044,64648.5
TARKETT,FR0004188670,TKTT,Euronext Paris,EUR,15.37,15.81,15.29,15.69,9/02/2021 17:35,CET,63147,984325.45
TAYNINH,FR0000063307,TAYN,Euronext Paris,EUR,1.31,1.31,1.31,1.31,28/01/2021 16:30,CET,75,98.25
TECH BSA 2024,FR0013526225,TECBS,Euronext Paris,EUR,0.265,0.278,0.2611,0.27,9/02/2021 17:20,CET,58827,15765.3
TECHNICOLOR,FR0013505062,TCH,Euronext Paris,EUR,1.92,1.959,1.89,1.9256,9/02/2021 17:35,CET,302368,583076.98
TECHNIPFMC,GB00BDSFG982,FTI,Euronext Paris,EUR,8.6,8.75,8.182,8.266,9/02/2021 17:38,CET,8231667,69266024.29
TELEPERFORMANCE,FR0000051807,TEP,Euronext Paris,EUR,282.6,287.2,280.8,286.8,9/02/2021 17:35,CET,118939,33904659.6
TELEVERBIER,CH0008175645,TVRB,Euronext Paris,EUR,41.6,41.6,41,41,8/02/2021 16:30,CET,60,2490
TESSI,FR0004529147,TES,Euronext Paris,EUR,130,130,128,130,9/02/2021 17:27,CET,188,24368.5
TETRAGON FIN GRP,GG00B1RMC548,TFG,Euronext Amsterdam,USD,10.35,10.35,10.15,10.15,9/02/2021 17:35,CET,30651,313361.15
TF1,FR0000054900,TFI,Euronext Paris,EUR,7.23,7.24,7.085,7.19,9/02/2021 17:35,CET,339227,2432813.84
TFF GROUP,FR0013295789,TFF,Euronext Paris,EUR,28.4,28.4,28,28.2,9/02/2021 17:35,CET,4083,114949.7
THALES,FR0000121329,HO,Euronext Paris,EUR,77.56,79.1,76.36,78.12,9/02/2021 17:35,CET,417617,32510932.9
THERMADOR GROUPE,FR0013333432,THEP,Euronext Paris,EUR,76.8,78.4,76.8,77.2,9/02/2021 17:35,CET,4582,355792
THUNDERBIRD,VGG885761061,TBIRD,Euronext Amsterdam,USD,0.069,0.07,0.069,0.07,9/02/2021 16:42,CET,131392,9192.07
TIE KINETIX,NL0010389508,TIE,Euronext Amsterdam,EUR,19.9,20.4,19.9,20.2,9/02/2021 17:23,CET,4031,80761.4
TIKEHAU CAPITAL,FR0013230612,TKO,Euronext Paris,EUR,24.3,24.5,24.2,24.3,9/02/2021 17:35,CET,33008,800410.4
TIPIAK,FR0000066482,TIPI,Euronext Paris,EUR,64,64,64,64,9/02/2021 11:30,CET,150,9600
TKH GROUP,NL0000852523,TWEKA,Euronext Amsterdam,EUR,40.9,41.26,40.56,40.76,9/02/2021 17:35,CET,43219,1766316.24
TOMTOM,NL0013332471,TOM2,Euronext Amsterdam,EUR,8,8.035,7.78,7.87,9/02/2021 17:35,CET,438548,3453389.3
TOTAL,FR0000120271,FP,Euronext Paris Brussels,EUR,36,36.18,34.29,34.565,9/02/2021 17:38,CET,11114046,389027294.2
TOTAL GABON,GA0000121459,EC,Euronext Paris,EUR,136,137,135.5,137,9/02/2021 17:22,CET,692,94363.5
TOUAX,FR0000033003,TOUP,Euronext Paris,EUR,9.86,9.9,9.7,9.7,9/02/2021 17:35,CET,9609,93882.42
TOUR EIFFEL,FR0000036816,EIFF,Euronext Paris,EUR,29.3,29.5,29.1,29.4,9/02/2021 17:35,CET,1222,35797.1
TRANSGENE,FR0005175080,TNG,Euronext Paris,EUR,2.595,2.6,2.46,2.52,9/02/2021 17:35,CET,170368,428396.75
TRIGANO,FR0005691656,TRI,Euronext Paris,EUR,151.3,153.1,150.4,153,9/02/2021 17:35,CET,14174,2155043.1
UBISOFT ENTERTAIN,FR0000054470,UBI,Euronext Paris,EUR,83.5,84.46,82.62,83.72,9/02/2021 17:35,CET,326702,27283171.92
UNIBAIL-RODAMCO-WE,FR0013326246,URW,Euronext Amsterdam Paris,EUR,60.92,63.32,60.06,62.9,9/02/2021 17:35,CET,880676,54976977.22
UNIBEL,FR0000054215,UNBL,Euronext Paris,EUR,650,650,650,650,9/02/2021 11:30,CET,2,1300
UNILEVER,GB00B10RZP78,UNA,Euronext Amsterdam,EUR,45.355,45.465,44.53,45.1,9/02/2021 17:35,CET,5320152,238568742.3
UNION FIN.FRANCE,FR0000034548,UFF,Euronext Paris,EUR,21.4,21.5,21,21.4,9/02/2021 17:27,CET,7290,155401.9
UNION TECH.INFOR.,FR0000074197,FPG,Euronext Paris,EUR,0.575,0.58,0.565,0.58,9/02/2021 17:17,CET,3556,2046.5
V LANSCHOT KEMPEN,NL0000302636,VLK,Euronext Amsterdam,EUR,21.45,21.45,21.05,21.05,9/02/2021 17:35,CET,21624,457444.2
VALEO,FR0013176526,FR,Euronext Paris,EUR,33.08,33.51,32.69,32.92,9/02/2021 17:35,CET,562235,18536909.47
VALLOUREC,FR0013506730,VK,Euronext Paris,EUR,26.875,27.4,26.45,26.965,9/02/2021 17:35,CET,114925,3095322.83
VALNEVA,FR0004056851,VLA,Euronext Paris,EUR,15,15.06,13.14,13.3,9/02/2021 17:36,CET,2658201,36949224.02
VALUE8,NL0010661864,VALUE,Euronext Amsterdam,EUR,5.22,5.22,5.16,5.16,9/02/2021 15:53,CET,311,1610.76
VALUE8 CUM PREF,NL0015118803,PREVA,Euronext Amsterdam,EUR,6.03,6.03,6.03,6.03,29/01/2021 16:30,CET,1200,7236
VASTNED,NL0000288918,VASTN,Euronext Amsterdam,EUR,22.2,22.2,21.75,21.9,9/02/2021 17:39,CET,21363,469840
VEOLIA ENVIRON.,FR0000124141,VIE,Euronext Paris,EUR,22.5,22.62,22.18,22.31,9/02/2021 17:37,CET,2253326,50366491.25
VEON,BMG9349W1038,VEON,Euronext Amsterdam,EUR,1.39,1.42,1.39,1.416,9/02/2021 17:35,CET,8846,12403.83
VERALLIA,FR0013447729,VRLA,Euronext Paris,EUR,29.6,29.65,29.1,29.65,9/02/2021 17:35,CET,71669,2112591.95
VERIMATRIX,FR0010291245,VMX,Euronext Paris,EUR,3.305,3.325,3.145,3.23,9/02/2021 17:35,CET,269358,870318.48
VERNEUIL FINANCE,FR0000062465,VRNL,Euronext Paris,EUR,1.98,1.98,1.98,1.98,27/01/2021 11:30,CET,100,198
VETOQUINOL,FR0004186856,VETO,Euronext Paris,EUR,90,93.8,90,93.8,9/02/2021 17:35,CET,4456,412571.8
VICAT,FR0000031775,VCT,Euronext Paris,EUR,38.3,38.5,37.8,38,9/02/2021 17:35,CET,30604,1165510.1
VIDELIO,FR0000066680,VDLO,Euronext Paris,EUR,2.54,2.54,2.52,2.54,9/02/2021 17:26,CET,11541,29128.52
VIEL ET COMPAGNIE,FR0000050049,VIL,Euronext Paris,EUR,5.68,5.76,5.6,5.64,9/02/2021 17:10,CET,4021,22773.04
VILMORIN & CIE,FR0000052516,RIN,Euronext Paris,EUR,52.1,53.2,51.1,52.8,9/02/2021 17:35,CET,6070,316597.8
VINCI,FR0000125486,DG,Euronext Paris,EUR,88.48,88.5,85.38,85.9,9/02/2021 17:35,CET,996974,86068463.7
VIRBAC,FR0000031577,VIRP,Euronext Paris,EUR,215,217,213.5,214,9/02/2021 17:39,CET,4211,905130.5
VISIODENT,FR0000065765,SDT,Euronext Paris,EUR,2.78,2.78,2.78,2.78,9/02/2021 11:30,CET,3,8.34
VIVENDI,FR0000127771,VIV,Euronext Paris,EUR,25.92,26.03,25.51,25.77,9/02/2021 17:35,CET,2551637,65680772.13
VIVORYON,NL00150002Q7,VVY,Euronext Amsterdam,EUR,14.654,14.818,14.456,14.72,9/02/2021 17:35,CET,69775,1020302.96
VOLTA FINANCE,GG00B1GHHH78,VTA,Euronext Amsterdam,EUR,5.92,5.94,5.92,5.92,9/02/2021 15:31,CET,1158,6855.56
VOLTALIA,FR0011995588,VLTSA,Euronext Paris,EUR,25.75,25.85,24.15,24.25,9/02/2021 17:37,CET,135032,3345682.65
VOLUNTIS,FR0004183960,VTX,Euronext Paris,EUR,4.2,4.2,4.06,4.105,9/02/2021 17:35,CET,26935,111394.85
VOPAK,NL0009432491,VPK,Euronext Amsterdam,EUR,42.53,43.61,42.51,43.4,9/02/2021 17:35,CET,276460,11967951.8
VRANKEN-POMMERY,FR0000062796,VRAP,Euronext Paris Brussels,EUR,14.4,14.4,14.2,14.2,9/02/2021 17:35,CET,5148,73708.45
WAVESTONE,FR0013357621,WAVE,Euronext Paris,EUR,32.25,32.85,32.15,32.85,9/02/2021 17:36,CET,8119,264465.25
WENDEL,FR0000121204,MF,Euronext Paris,EUR,98.8,99.45,97.85,98.15,9/02/2021 17:35,CET,41889,4117577.55
WERELDHAVE,NL0000289213,WHA,Euronext Amsterdam,EUR,11.8,11.83,11.66,11.83,9/02/2021 17:35,CET,88708,1042886.35
WOLTERS KLUWER,NL0000395903,WKL,Euronext Amsterdam,EUR,68.74,69.24,68.4,69.18,9/02/2021 17:35,CET,468426,32322248.88
WORLDLINE,FR0011981968,WLN,Euronext Paris,EUR,75.58,75.74,74.32,74.82,9/02/2021 17:36,CET,401075,29984385.4
X-FAB,BE0974310428,XFAB,Euronext Paris,EUR,7.09,7.12,6.85,6.94,9/02/2021 17:35,CET,198349,1384558.83
XILAM ANIMATION,FR0004034072,XIL,Euronext Paris,EUR,47.8,47.8,46.25,46.25,9/02/2021 17:35,CET,12335,581699.2
XPO LOGISTICS,FR0000052870,XPO,Euronext Paris,EUR,274,280,272,280,8/02/2021 16:41,CET,247,68810
YATRA,JE00B1FBT077,YATRA,Euronext Amsterdam,EUR,3.8,3.8,3.8,3.8,1/02/2021 9:00,CET,52,197.6
YMAGIS BSA,FR0013484466,MAGBS,Euronext Paris,EUR,0.05,0.06,0.05,0.05,6/04/2020 10:31,CET,7008,352.97
ZCI LIMITED,BMG9887P1068,CV,Euronext Paris,EUR,0.17,0.2,0.17,0.2,4/08/2015 16:20,CET,21826,3755.94
